<?xml version="1.0" encoding="UTF-8"?>
<project-private xmlns="http://www.netbeans.org/ns/project-private/1">
    <editor-bookmarks xmlns="http://www.netbeans.org/ns/editor-bookmarks/2" lastBookmarkId="0"/>
    <open-files xmlns="http://www.netbeans.org/ns/projectui-open-files/2">
        <group>
            <file>file:/E:/Tawhidur%20Noor%20Badhan/Time_Tracker_Solution--Web-Module/app/Http/Controllers/Auth/RegisterController.php</file>
            <file>file:/E:/Tawhidur%20Noor%20Badhan/Time_Tracker_Solution--Web-Module/database/seeds/UserSeeder.php</file>
            <file>file:/E:/Tawhidur%20Noor%20Badhan/Time_Tracker_Solution--Web-Module/.env</file>
            <file>file:/E:/Tawhidur%20Noor%20Badhan/Time_Tracker_Solution--Web-Module/vendor/laravel/ui/auth-backend/AuthenticatesUsers.php</file>
            <file>file:/E:/Tawhidur%20Noor%20Badhan/Time_Tracker_Solution--Web-Module/app/Http/Controllers/TestApiController.php</file>
        </group>
    </open-files>
</project-private>
